txn_amount,txn_distance_km,txn_hour_dev,is_fraud
66.59,10879.85,3.21,0
45.79,20083.56,3.87,0
52.08,6565.22,5.13,0
42.49,11893.93,4.08,0
60.29,11040.16,4.6,0
56.54,17041.5,3.14,0
52.72,16735.06,4.52,0
47.31,11286.96,4.69,0
51.02,6066.85,2.82,0
49.16,11624.83,2.38,0
45.37,11610.85,4.76,0
69.8,12090.37,1.7,0
42.52,12535.5,5.18,0
67.63,7006.85,3.72,0
55.05,14981.44,2.33,0
62.67,13314.61,2.9,0
72.58,12867.72,2.72,0
46.73,18836.68,3.16,0
50.99,11354.1,3.87,0
46.69,9662.21,4.85,0
58.21,10393.33,2.63,0
48.3,13851.34,4.33,0
50.87,8314.11,3.21,0
60.64,13820.36,3.52,0
54.31,13136.07,4.58,0
51.4,7589.83,3.12,0
56.89,10691.15,3.13,0
34.86,17997.43,2.84,0
54.73,14972.23,3.79,0
56.24,5529.6,4.0,0
51.01,7839.72,2.74,0
48.88,12441.86,3.56,0
35.14,22436.4,3.83,0
41.6,15137.31,2.35,0
50.3,9738.04,3.07,0
39.3,12730.55,2.44,0
65.24,13037.31,4.05,0
44.91,9036.91,4.25,0
60.33,13370.33,4.55,0
45.59,9968.16,4.13,0
65.72,8273.94,3.78,0
37.26,16736.59,2.7,0
42.98,10150.68,3.45,0
44.56,12024.2,3.32,0
34.32,15054.51,3.65,0
46.8,7745.77,3.89,0
42.74,9138.33,3.28,0
38.67,6449.35,2.09,0
59.44,8652.96,2.81,0
47.48,11185.6,3.55,0
51.53,10147.26,3.4,0
45.11,5034.72,3.22,0
59.82,11824.96,4.36,0
51.64,20979.03,2.67,0
43.29,7783.62,3.84,0
41.75,15233.64,3.18,0
31.02,14725.1,2.67,0
36.59,12638.82,4.18,0
44.07,8513.34,0.05,0
41.65,8012.26,3.06,0
55.18,10815.06,3.58,0
38.44,6732.24,3.84,0
61.37,3442.5,3.5,0
75.13,2179.2,7.4,1
36.1,10580.81,4.89,0
66.33,8991.61,3.73,0
61.42,8873.44,1.23,0
53.66,14018.9,3.86,0
60.36,10171.57,2.79,0
44.8,12287.56,4.62,0
57.98,19205.05,3.99,0
39.06,14423.81,2.3,0
49.56,18963.42,1.52,0
38.11,12242.64,1.77,0
43.98,12765.73,3.5,0
46.36,7371.69,4.54,0
65.54,9288.91,3.58,0
65.18,13951.23,4.36,0
45.43,6445.87,5.12,0
47.21,6716.62,3.62,0
52.0,17645.31,3.04,0
49.47,6583.36,3.27,0
39.28,16325.57,3.98,0
38.91,8506.64,3.1,0
40.88,12502.34,3.91,0
46.38,7902.34,4.63,0
43.99,11940.5,4.26,0
71.55,12827.02,4.43,0
36.65,13627.91,3.89,0
64.37,18229.37,4.42,0
32.78,14605.97,2.42,0
54.23,5884.76,4.44,0
47.5,18094.12,3.07,0
54.55,9842.81,3.36,0
48.4,8099.39,4.6,0
56.69,12440.59,3.72,0
53.41,5937.64,3.45,0
58.78,12610.94,3.92,0
38.58,11915.55,4.38,0
42.25,9369.77,3.58,0
44.86,10050.54,4.25,0
51.64,5314.59,3.12,0
62.18,7630.87,2.72,0
59.24,17021.36,2.39,0
51.79,15083.08,2.87,0
56.06,17580.78,1.93,0
48.71,15567.77,4.46,0
44.36,6472.13,4.45,0
55.06,13504.5,4.55,0
49.12,14143.94,2.43,0
33.13,14903.87,2.73,0
46.33,11634.77,4.06,0
101.13,1418.17,6.15,1
49.8,19422.06,2.55,0
55.47,11315.58,2.09,0
34.71,12014.03,2.85,0
40.88,17870.01,5.09,0
52.23,12881.63,2.49,0
47.78,13428.71,2.6,0
35.43,11341.46,3.24,0
40.62,13108.54,4.38,0
49.2,11242.85,2.67,0
47.42,11188.5,2.46,0
49.34,11845.31,4.79,0
46.72,14226.02,3.82,0
53.86,10277.97,3.81,0
35.59,21132.09,4.7,0
44.61,11806.0,3.61,0
42.65,16502.79,3.28,0
22.4,11501.85,4.04,0
79.88,4426.84,4.52,0
44.13,15868.15,2.7,0
60.58,10634.26,3.26,0
61.27,10124.16,2.78,0
38.49,15477.0,4.66,0
46.98,11394.23,3.52,0
59.92,9770.26,3.73,0
56.38,11223.57,3.93,0
64.65,16351.44,4.03,0
57.27,11725.67,3.52,0
63.85,10984.06,2.72,0
51.66,13085.79,3.29,0
72.8,12296.72,2.86,0
41.2,12300.06,3.33,0
46.36,15010.79,3.92,0
40.06,13843.68,5.52,0
74.15,12973.39,2.3,0
57.36,12143.05,3.99,0
48.23,3188.92,1.8,0
47.23,11068.33,2.81,0
64.98,8880.64,3.89,0
56.16,11414.0,2.8,0
37.9,15664.43,2.82,0
39.47,3011.88,3.57,0
82.87,818.0,7.11,1
22.2,22603.22,5.08,0
46.63,12176.47,2.67,0
61.12,16250.6,4.58,0
42.44,13185.07,3.61,0
61.81,7767.8,5.02,0
36.02,6697.89,2.34,0
57.44,10404.0,3.3,0
58.55,12965.58,3.21,0
40.31,14657.25,4.29,0
46.63,15640.9,2.26,0
60.3,9801.69,2.55,0
59.56,10999.8,3.57,0
40.57,14985.97,5.21,0
21.84,12159.53,2.04,0
65.55,11915.17,2.3,0
46.23,16116.72,3.71,0
59.56,11554.19,4.21,0
31.65,19444.81,3.18,0
27.69,14999.28,2.87,0
53.74,8354.67,2.59,0
44.52,12907.9,4.14,0
43.74,6889.1,4.76,0
33.57,14022.72,3.44,0
60.65,8355.73,4.95,0
40.55,9943.6,2.68,0
54.27,18693.38,1.59,0
68.18,2548.27,6.84,1
63.29,8228.79,4.03,0
49.4,14275.11,5.26,0
47.59,11749.81,3.41,0
40.36,12256.79,4.56,0
50.8,21396.89,2.78,0
43.57,7745.35,2.97,0
59.3,7738.14,1.34,0
39.03,10172.87,5.08,0
65.69,15857.33,4.42,0
41.13,14524.87,2.92,0
71.13,12555.62,2.75,0
52.2,16636.99,3.02,0
38.48,12465.42,2.35,0
41.06,11277.0,4.54,0
61.85,17447.69,4.16,0
46.54,6420.31,3.64,0
61.86,10449.62,3.22,0
53.49,9279.01,5.54,0
56.78,11701.46,1.96,0
45.4,14972.79,3.42,0
54.33,8114.46,2.29,0
53.31,11626.03,6.32,0
41.91,16795.28,5.6,0
27.41,14535.17,2.47,0
34.3,7555.38,5.27,0
46.01,21412.79,3.89,0
43.92,11242.45,3.5,0
68.17,10677.74,3.44,0
68.02,9214.92,4.1,0
64.02,9260.22,3.16,0
38.31,8791.26,4.95,0
57.73,5640.64,4.61,0
43.84,10822.59,1.42,0
53.7,9564.85,3.91,0
61.71,9725.13,5.85,0
50.63,12875.42,5.03,0
30.53,6363.86,4.35,0
43.32,10392.18,4.25,0
87.02,874.12,7.78,1
64.17,12280.83,4.15,0
52.16,12139.67,3.09,0
38.37,16010.3,4.61,0
53.87,8954.05,2.21,0
50.46,7938.26,3.13,0
41.53,16927.37,4.09,0
50.8,3991.25,3.84,0
50.52,8211.16,3.44,0
58.09,12622.38,3.02,0
59.16,9469.79,3.06,0
37.34,10039.49,1.65,0
34.53,15437.53,3.62,0
48.73,11724.21,3.26,0
48.84,9621.33,5.49,0
58.97,10014.35,4.42,0
31.22,11410.39,2.64,0
49.3,11045.36,4.03,0
42.1,11767.96,4.53,0
48.12,14079.81,3.11,0
45.26,13971.19,4.1,0
38.93,10921.74,3.27,0
89.11,4441.05,7.87,1
59.97,9704.16,4.33,0
68.67,11452.04,2.73,0
47.45,6485.61,3.16,0
40.23,15413.75,2.98,0
52.83,13533.25,2.85,0
57.57,8618.01,4.28,0
39.15,16082.1,3.81,0
53.85,17010.37,4.17,0
51.16,10984.84,3.27,0
47.22,12481.88,3.37,0
60.08,9032.44,4.62,0
47.04,7494.17,6.04,0
64.07,6183.9,3.29,0
36.2,8855.94,4.15,0
50.08,10498.93,3.2,0
68.72,7176.02,4.54,0
62.02,14355.37,5.77,0
58.99,16580.89,2.18,0
37.82,18578.3,4.01,0
38.18,14960.38,3.26,0
40.73,11555.59,3.96,0
69.57,11362.93,3.45,0
56.45,17148.78,2.51,0
53.37,7824.2,3.0,0
43.06,10693.26,2.94,0
60.4,7688.3,3.21,0
48.94,15941.53,3.41,0
38.19,9449.73,3.0,0
50.81,10837.13,4.65,0
37.44,8531.17,3.13,0
37.91,9725.23,2.76,0
31.3,8882.79,4.25,0
45.44,18059.89,2.25,0
41.94,15498.3,2.47,0
34.16,12124.67,2.22,0
43.44,9002.68,4.33,0
51.42,11228.97,4.47,0
54.21,5115.75,4.26,0
37.86,12668.38,5.0,0
59.66,11437.17,4.04,0
54.71,22276.5,2.5,0
48.0,5866.67,2.74,0
41.81,13737.15,3.1,0
56.27,9139.07,0.98,0
39.97,10418.66,3.07,0
52.03,10146.77,3.63,0
75.09,15135.59,3.72,0
41.97,10507.58,2.73,0
44.3,14169.16,2.25,0
55.64,19172.45,1.6,0
56.92,11052.24,4.31,0
55.4,8319.44,1.42,0
52.88,11383.68,4.48,0
62.82,10955.88,3.22,0
46.98,13346.96,3.88,0
51.34,16918.55,4.75,0
28.61,10867.94,4.25,0
42.45,11605.95,2.05,0
52.07,5942.72,4.04,0
50.92,10259.14,3.42,0
28.9,13037.2,3.54,0
51.51,22813.93,3.6,0
61.92,10060.38,2.37,0
46.18,13744.41,3.56,0
60.23,11433.09,4.55,0
51.19,21761.85,4.65,0
32.02,18474.25,4.06,0
57.93,14814.39,4.59,0
53.07,13466.89,3.48,0
50.34,9005.2,3.01,0
44.26,8662.3,3.44,0
55.29,13936.81,4.96,0
54.08,20028.56,2.0,0
47.82,12666.24,2.94,0
43.3,13669.65,2.61,0
63.23,7405.06,2.14,0
38.29,11207.11,2.62,0
43.13,12098.33,1.78,0
48.55,8169.48,3.6,0
52.79,15531.64,3.92,0
42.98,14701.8,3.76,0
53.68,9034.47,3.17,0
61.81,10499.09,2.73,0
57.47,14638.24,3.36,0
37.04,9460.16,4.77,0
48.88,10237.65,4.31,0
24.67,13508.83,2.01,0
70.27,16734.12,4.24,0
32.98,13033.95,2.59,0
52.16,16006.84,1.77,0
52.91,12582.33,3.12,0
39.15,10505.35,5.78,0
46.23,12959.16,2.38,0
50.75,10036.14,4.45,0
53.72,13248.0,5.09,0
49.88,15358.91,1.86,0
51.04,7154.73,1.79,0
51.5,13852.13,2.05,0
34.33,11893.17,4.0,0
36.47,12166.83,4.98,0
56.53,11688.51,4.53,0
40.21,11219.88,3.77,0
49.11,6873.83,3.75,0
34.85,12891.21,4.11,0
54.21,15060.85,4.78,0
59.9,9952.08,5.24,0
48.67,9803.03,2.92,0
50.29,8335.9,4.71,0
63.37,7061.7,3.29,0
53.98,12932.14,3.73,0
57.5,18216.84,2.45,0
50.14,8089.25,4.07,0
45.16,11881.59,2.52,0
61.53,23316.14,4.38,0
56.39,7098.11,3.18,0
50.6,17360.86,3.01,0
49.73,9042.77,3.15,0
70.28,10194.25,2.27,0
43.25,16664.56,4.88,0
43.38,15485.43,1.66,0
51.24,8989.46,3.06,0
46.91,13448.77,2.5,0
59.75,13371.19,3.27,0
45.43,18356.67,2.57,0
57.81,15324.74,4.42,0
43.59,2958.67,4.72,0
50.89,9635.89,3.38,0
35.92,11526.29,2.69,0
47.98,10282.95,3.62,0
52.38,13702.73,2.79,0
49.38,7821.8,3.15,0
50.99,3459.38,4.0,0
47.19,11641.3,2.78,0
67.3,8263.9,3.2,0
53.03,7913.14,3.48,0
53.86,9783.21,3.05,0
39.19,8040.22,3.6,0
44.51,12935.61,3.5,0
61.35,21251.29,5.52,0
55.2,7865.3,3.42,0
56.07,9682.03,3.1,0
44.0,8543.15,1.24,0
55.66,14737.16,1.47,0
47.73,8983.91,4.09,0
40.88,8583.46,3.7,0
32.45,7816.15,4.48,0
38.44,6516.0,2.49,0
36.39,14179.75,3.16,0
47.29,13179.56,3.11,0
48.54,11303.47,4.33,0
51.02,18191.03,2.18,0
61.62,10806.42,3.19,0
38.68,9892.26,5.06,0
53.42,11338.63,2.61,0
82.1,234.88,5.67,1
33.59,8295.18,4.04,0
43.24,10650.49,3.78,0
60.47,10038.07,2.68,0
49.59,12419.18,2.33,0
50.31,14014.72,2.91,0
61.22,13840.23,3.65,0
60.04,8714.05,2.81,0
46.29,13083.97,5.25,0
44.92,19696.81,5.21,0
29.58,10268.56,3.1,0
59.46,13503.44,4.38,0
43.68,4955.92,4.23,0
57.88,9841.45,3.0,0
44.45,10442.28,1.68,0
59.84,6993.02,4.57,0
60.52,13343.13,5.5,0
53.81,15534.31,3.79,0
41.22,8553.81,3.81,0
54.5,3850.32,4.74,0
55.04,19483.5,4.09,0
60.25,9103.26,3.19,0
37.76,16705.08,5.2,0
61.77,14722.04,3.88,0
44.83,11691.39,3.78,0
50.29,11120.97,1.88,0
40.74,17777.2,4.17,0
43.8,13959.37,3.86,0
38.92,7135.59,4.84,0
48.76,8094.6,3.62,0
36.33,7267.56,3.86,0
44.21,9460.01,5.1,0
56.1,14233.15,3.97,0
62.11,20954.37,5.5,0
53.05,6513.19,2.51,0
51.05,8278.13,3.47,0
36.21,8772.62,5.15,0
38.01,12298.06,4.08,0
45.74,7903.38,1.81,0
45.39,4153.31,4.36,0
44.78,3464.46,4.4,0
67.47,14599.8,2.4,0
34.76,7647.86,2.76,0
58.67,12383.41,5.17,0
67.13,13186.46,4.75,0
68.46,19921.98,4.82,0
57.06,9294.08,4.94,0
42.54,8186.81,3.39,0
31.04,12976.75,4.63,0
38.21,6248.79,5.09,0
35.87,17724.59,5.31,0
52.84,16870.79,2.47,0
44.89,4846.05,5.53,0
49.76,14673.52,3.16,0
48.14,4904.13,3.04,0
63.1,16404.2,3.74,0
58.81,9606.04,4.21,0
44.96,13169.07,3.29,0
60.44,10637.44,4.17,0
59.6,8231.64,2.64,0
41.7,9175.89,3.22,0
68.29,17489.28,2.96,0
53.17,15251.67,2.4,0
46.96,13410.36,3.38,0
50.04,16224.25,5.95,0
56.99,12592.71,3.57,0
39.98,13410.43,4.17,0
61.5,14838.66,1.94,0
33.61,14322.69,3.44,0
45.15,8865.9,3.84,0
50.96,21364.15,2.65,0
36.67,13445.32,3.32,0
49.29,14516.39,4.31,0
47.85,7347.2,3.88,0
51.73,11061.44,3.58,0
64.32,13087.74,3.25,0
43.55,13420.14,3.47,0
57.77,14891.41,2.6,0
35.55,10347.86,3.65,0
47.85,16537.01,2.87,0
34.03,8231.62,4.95,0
58.85,15458.61,3.13,0
41.18,14776.2,2.5,0
53.13,13207.9,4.29,0
60.59,14591.04,2.16,0
41.26,15224.12,2.65,0
34.69,11476.14,3.81,0
56.61,17790.4,2.44,0
42.05,14587.61,1.51,0
52.73,6271.98,1.75,0
39.89,6462.77,5.37,0
41.05,9989.37,3.45,0
31.94,11763.13,4.61,0
48.4,18121.13,5.0,0
28.47,15522.5,3.11,0
42.91,8851.17,2.37,0
46.87,5500.47,2.09,0
47.6,7313.26,2.06,0
57.37,11716.54,3.96,0
44.43,-2644.33,3.59,0
46.39,13480.0,1.2,0
42.96,5095.87,4.67,0
49.88,14359.93,4.06,0
46.3,6008.92,2.85,0
56.22,14287.42,1.72,0
49.79,3198.34,2.81,0
35.81,9356.6,3.09,0
63.05,12906.64,1.98,0
43.2,15650.45,3.28,0
78.29,14832.41,5.32,0
49.38,12764.48,3.9,0
41.63,9906.15,5.68,0
50.35,7782.06,3.76,0
45.43,8063.2,3.7,0
57.47,15281.51,2.54,0
41.75,13435.22,3.89,0
34.7,10088.99,2.52,0
49.55,16835.6,2.72,0
37.09,13386.72,1.81,0
49.01,17756.82,3.66,0
51.09,15350.51,2.25,0
62.97,12557.66,3.85,0
68.45,8557.51,3.75,0
52.77,14422.33,2.06,0
51.31,13519.12,4.09,0
41.53,13853.58,2.51,0
42.69,3965.92,3.46,0
60.94,6915.8,3.36,0
34.91,8339.53,3.84,0
60.59,13028.51,3.5,0
42.16,12701.34,3.89,0
55.83,11015.71,4.33,0
47.65,6930.21,3.77,0
51.78,7334.54,4.83,0
68.56,18801.76,1.55,0
52.4,9304.74,2.72,0
47.41,14548.23,3.93,0
51.87,9309.31,3.78,0
60.52,11978.4,4.08,0
61.59,14852.79,2.56,0
43.95,10633.7,1.19,0
43.13,13976.7,2.03,0
49.41,7826.78,4.11,0
34.9,13189.46,3.39,0
49.77,12285.77,2.75,0
68.86,7161.02,2.45,0
37.1,11807.29,4.38,0
49.93,6701.42,5.22,0
66.18,3247.44,3.16,0
61.92,9442.99,2.4,0
33.99,17882.94,1.09,0
49.39,12332.87,2.42,0
50.42,14081.22,4.52,0
39.08,9361.24,3.29,0
43.23,12640.83,2.78,0
41.06,7172.38,3.0,0
52.0,8870.28,1.4,0
58.05,14210.27,3.72,0
43.41,5910.29,4.54,0
59.96,7542.79,3.14,0
49.35,9569.51,2.76,0
48.73,14886.66,4.39,0
51.92,12700.42,3.54,0
52.14,13186.96,3.2,0
49.6,12826.37,3.42,0
39.61,13138.8,3.0,0
50.01,13194.98,3.23,0
49.39,11980.14,3.42,0
46.31,5033.94,2.61,0
54.02,11009.69,4.11,0
47.27,13228.9,2.27,0
58.46,14865.68,4.0,0
34.43,7952.16,2.17,0
69.52,11213.09,2.91,0
48.45,14412.84,3.45,0
65.62,7391.7,0.9,0
42.31,14170.33,5.98,0
20.08,16003.94,4.32,0
47.92,9835.22,3.29,0
53.3,9388.08,3.43,0
58.01,13163.97,3.78,0
29.78,11290.99,3.21,0
44.59,9978.86,2.35,0
35.82,15924.41,2.83,0
29.92,6839.77,4.24,0
43.3,9883.37,4.16,0
46.52,10333.66,1.36,0
37.87,8276.94,4.31,0
47.8,13424.97,4.05,0
64.8,13064.0,4.52,0
62.97,15009.14,2.3,0
67.89,15187.54,4.99,0
52.27,16313.68,1.24,0
48.54,7841.63,4.2,0
39.77,16761.83,5.23,0
36.28,13196.48,3.18,0
55.11,12904.27,3.67,0
51.18,17009.96,3.47,0
52.54,12615.95,5.29,0
40.88,9436.2,4.29,0
37.23,9143.67,3.18,0
37.75,12304.56,4.86,0
50.48,11786.15,3.54,0
45.59,7191.36,3.45,0
21.8,14106.51,2.42,0
51.16,11363.74,2.39,0
67.77,15836.56,2.84,0
44.93,13166.72,3.47,0
38.82,5801.02,2.8,0
42.91,17536.69,3.45,0
58.68,20384.88,4.27,0
30.02,7474.37,3.86,0
50.18,11626.85,4.07,0
65.17,12659.2,2.01,0
49.11,11943.88,2.05,0
48.03,7543.73,3.49,0
57.08,7544.92,3.29,0
48.7,4365.68,3.34,0
46.88,13660.5,2.93,0
56.17,9549.21,2.44,0
45.73,13625.28,4.21,0
63.34,12188.48,2.33,0
53.49,13110.25,1.29,0
54.64,4403.76,4.85,0
53.19,7012.1,2.39,0
65.94,11586.59,3.26,0
36.38,12268.49,2.16,0
37.99,5968.48,3.74,0
76.55,15371.7,3.47,0
45.26,14058.08,3.37,0
50.49,10855.18,1.69,0
44.27,9488.39,3.68,0
46.29,9285.05,4.14,0
63.98,12825.8,4.26,0
48.59,12850.23,4.12,0
56.32,12152.07,4.74,0
22.93,9227.79,4.19,0
70.43,14110.92,4.1,0
38.91,11732.55,4.37,0
54.07,15587.73,3.96,0
46.5,9563.94,3.84,0
47.54,5784.72,4.1,0
46.65,13994.86,2.61,0
53.96,6324.81,3.45,0
47.81,14960.8,3.62,0
42.75,11846.0,4.48,0
38.29,11775.62,3.32,0
67.52,11870.5,2.0,0
57.15,14254.2,5.31,0
48.24,11176.28,4.2,0
48.25,18350.13,2.85,0
60.55,11804.1,4.91,0
48.89,13427.35,3.61,0
45.49,5235.61,3.14,0
41.62,11144.22,4.64,0
48.02,15146.02,4.55,0
50.92,8034.41,3.34,0
55.84,16283.78,3.9,0
36.62,15285.6,3.01,0
34.48,7317.83,3.02,0
62.17,13013.38,4.61,0
65.91,7773.66,4.15,0
48.34,14623.72,3.69,0
48.78,11342.79,3.94,0
36.6,12463.96,2.73,0
56.82,18802.92,4.64,0
57.44,10250.69,3.81,0
57.06,11522.69,2.69,0
34.87,11333.38,2.53,0
56.93,3871.78,4.98,0
46.07,11091.03,3.28,0
66.69,15438.6,4.3,0
58.84,10293.6,2.71,0
41.68,18863.94,3.76,0
43.59,20001.67,4.26,0
24.14,8975.74,3.72,0
64.6,10145.66,4.27,0
39.57,14044.44,2.82,0
36.53,5459.45,3.68,0
55.07,12270.2,3.15,0
56.82,10634.83,1.81,0
61.47,6832.75,3.97,0
46.86,11707.83,2.96,0
45.84,16646.17,4.19,0
42.78,14333.22,2.74,0
32.79,10232.52,2.08,0
48.99,10604.26,2.82,0
38.89,11598.73,3.62,0
52.58,12716.65,3.8,0
48.11,14731.64,3.43,0
65.86,11747.08,4.54,0
50.56,5255.53,3.89,0
59.33,11766.9,3.52,0
46.61,11949.43,4.09,0
50.92,9435.3,4.05,0
48.0,12340.67,3.68,0
55.1,20748.81,2.98,0
62.6,11612.44,2.2,0
47.0,12510.69,3.33,0
44.45,12130.14,2.91,0
44.92,12768.41,2.45,0
45.76,10505.59,2.52,0
48.58,10243.18,4.05,0
41.39,6167.41,2.3,0
53.61,8735.45,4.23,0
36.58,18230.81,4.1,0
51.19,18338.92,3.83,0
42.38,19114.53,3.82,0
56.4,16728.87,4.71,0
48.46,10893.85,3.84,0
44.49,14979.63,3.1,0
51.68,13379.78,3.24,0
42.9,15858.05,2.8,0
53.32,9130.73,3.07,0
70.25,6428.84,4.39,0
57.78,6749.41,4.15,0
70.04,17316.24,3.95,0
38.18,16513.27,4.71,0
56.12,14353.4,3.71,0
63.67,13232.32,3.27,0
42.81,9630.51,2.67,0
54.62,12177.12,2.89,0
53.41,2169.35,2.82,0
69.31,4375.52,3.88,0
45.9,10698.36,2.98,0
58.62,13975.73,4.37,0
63.42,9152.97,2.97,0
42.17,13424.27,3.84,0
51.1,5627.96,3.26,0
72.18,3407.69,7.46,1
54.41,13673.28,4.43,0
49.46,20763.06,3.82,0
58.44,10188.15,4.28,0
69.63,14600.47,4.69,0
51.11,12083.81,2.84,0
63.05,10351.75,3.2,0
55.78,15751.18,5.62,0
57.99,15913.62,5.19,0
59.52,13004.43,2.4,0
50.1,17909.14,4.52,0
52.59,4334.73,2.25,0
33.21,11650.25,2.02,0
71.0,13990.74,1.93,0
53.17,12439.04,5.74,0
42.85,12530.05,3.72,0
33.11,15267.56,2.48,0
45.91,9880.17,2.94,0
52.44,11875.8,3.66,0
41.91,16243.59,2.69,0
41.73,10781.65,2.47,0
48.92,1379.35,3.49,0
44.62,14038.61,4.08,0
49.13,13212.51,3.81,0
42.73,8208.16,3.26,0
65.54,13149.07,3.76,0
40.93,11727.33,4.76,0
49.54,15750.47,2.76,0
47.22,5640.94,2.79,0
50.05,10563.16,2.76,0
39.63,10487.57,6.03,0
51.98,17372.81,3.47,0
64.1,11924.14,5.6,0
45.41,11801.92,2.96,0
51.03,11142.62,2.51,0
38.51,7640.2,4.98,0
75.05,1240.63,8.96,1
40.33,11035.63,4.16,0
63.98,13673.72,4.56,0
55.89,11279.38,2.85,0
28.45,9916.5,2.55,0
56.02,12204.51,3.32,0
51.57,11252.28,0.98,0
38.71,13517.71,2.69,0
41.49,7860.35,2.39,0
43.09,9473.75,3.35,0
51.87,15359.42,3.44,0
43.55,4090.51,4.2,0
38.73,15827.88,4.73,0
50.9,2487.71,4.17,0
47.75,3127.51,3.87,0
59.18,13079.35,3.62,0
56.79,13680.61,1.84,0
54.36,11248.62,4.61,0
29.07,9311.65,3.61,0
35.34,5073.7,2.21,0
44.61,11839.25,4.41,0
74.86,15068.59,3.0,0
41.09,10181.32,2.51,0
39.34,3833.09,2.53,0
54.25,13568.27,3.91,0
40.81,7128.7,3.94,0
24.34,12495.45,2.79,0
66.64,16330.62,3.38,0
53.34,11977.78,5.03,0
56.12,19086.53,3.86,0
28.71,15386.43,1.75,0
51.41,15200.84,2.86,0
61.01,6795.36,4.55,0
33.5,22392.57,0.91,0
47.37,2698.54,4.1,0
64.42,11736.78,3.23,0
50.5,19632.87,2.46,0
51.6,19458.61,4.13,0
55.4,10244.26,2.16,0
49.15,13304.89,4.71,0
45.07,8905.43,4.52,0
43.12,18154.55,4.16,0
33.55,9078.02,2.76,0
48.97,14593.04,2.74,0
44.64,10031.41,3.57,0
47.78,14802.08,1.9,0
48.74,11442.28,5.42,0
50.05,5297.7,4.19,0
50.75,10995.87,3.85,0
40.01,8453.43,3.7,0
49.99,16455.84,3.62,0
33.03,9527.17,5.05,0
43.88,5268.97,3.47,0
42.84,14819.57,3.17,0
33.82,11715.31,4.22,0
40.59,16522.45,3.66,0
48.91,19722.91,4.8,0
35.63,14661.72,2.74,0
40.76,16752.65,3.48,0
48.39,12331.08,2.6,0
70.57,11065.02,3.13,0
37.83,13484.01,4.88,0
64.55,21449.74,3.98,0
36.08,17706.23,4.97,0
46.46,16227.04,3.89,0
57.52,7272.01,2.43,0
57.9,10050.72,2.58,0
55.18,17804.99,2.84,0
47.3,9789.55,3.59,0
61.24,12044.22,4.7,0
60.28,10398.36,3.96,0
43.97,14489.63,3.68,0
48.46,15863.69,3.51,0
56.95,6623.14,3.04,0
50.21,20751.93,4.19,0
62.12,13976.7,4.17,0
39.68,12676.03,3.29,0
54.54,12238.99,4.53,0
48.28,8573.22,2.59,0
38.16,8701.19,4.05,0
41.46,15538.34,2.73,0
58.83,22809.12,4.22,0
54.68,12890.78,4.7,0
46.14,9014.42,4.03,0
49.67,15537.56,2.92,0
53.32,9681.54,3.65,0
35.86,10936.69,2.61,0
34.42,15770.18,3.35,0
35.5,7950.19,3.36,0
29.25,17351.53,3.61,0
57.98,14223.46,3.42,0
45.56,16664.51,4.15,0
31.06,10425.37,3.47,0
50.92,12603.93,3.34,0
65.12,14222.75,3.44,0
42.28,11775.69,4.23,0
52.82,11599.94,4.53,0
40.31,4525.22,3.12,0
65.16,4277.1,3.38,0
58.09,7520.54,3.23,0
64.98,8709.49,5.52,0
60.67,21956.3,2.98,0
50.59,11490.69,3.19,0
53.51,9382.75,1.13,0
54.55,20479.3,4.12,0
45.82,13969.47,2.55,0
35.15,15624.42,2.44,0
39.16,12913.82,2.56,0
65.8,3236.87,6.11,0
46.17,15645.04,3.14,0
35.56,15177.26,3.31,0
41.42,15888.27,3.69,0
44.69,11869.49,5.11,0
54.94,13972.71,3.02,0
54.07,6915.87,2.57,0
40.06,8833.69,2.58,0
56.47,17144.91,1.81,0
41.03,7401.8,2.26,0
55.35,14309.07,2.86,0
57.76,19876.69,4.21,0
57.5,10826.88,2.83,0
43.28,3895.86,3.57,0
43.76,12821.62,3.99,0
50.14,14831.94,3.03,0
48.11,16756.39,2.11,0
75.72,7969.43,3.04,0
44.34,11526.1,2.89,0
65.47,17675.41,2.76,0
47.53,20128.97,3.19,0
55.46,10405.04,5.42,0
34.4,6585.69,3.0,0
52.19,10502.6,2.69,0
58.68,15955.51,4.49,0
55.77,18097.75,3.19,0
51.53,8152.51,3.45,0
50.07,7348.36,3.01,0
46.72,6175.49,4.4,0
44.57,11795.24,2.71,0
46.65,15589.22,3.88,0
43.44,13993.14,3.28,0
64.1,9916.37,4.31,0
38.13,9682.79,3.3,0
49.8,15553.81,4.49,0
30.31,-1005.75,2.97,0
46.11,10643.42,2.2,0
52.19,15706.84,4.56,0
53.89,11889.05,4.96,0
55.26,9630.18,4.21,0
72.78,15923.18,4.51,0
70.96,9078.64,1.29,0
59.38,9593.98,3.34,0
57.06,11400.24,1.79,0
29.65,10782.09,2.6,0
51.64,6632.85,4.66,0
58.97,6853.26,4.19,0
56.67,17754.09,2.82,0
39.8,12162.92,5.38,0
40.77,12291.46,3.15,0
47.04,15238.49,6.65,0
83.01,3427.02,7.98,1
54.53,6319.51,2.69,0
54.81,19473.3,4.67,0
50.04,14854.21,3.98,0
54.52,8683.4,1.85,0
47.37,16085.42,3.49,0
53.79,1545.76,3.75,0
39.14,11591.72,3.55,0
62.91,12999.12,3.29,0
61.13,12855.31,4.39,0
50.61,9159.22,2.19,0
50.45,10171.56,2.41,0
50.9,9180.84,2.78,0
59.68,12003.65,3.55,0
40.43,10097.51,1.4,0
61.08,15286.64,4.66,0
45.48,9947.27,4.28,0
42.37,10551.16,5.4,0
42.08,10936.48,2.12,0
62.84,9108.95,2.46,0
57.59,7663.04,4.84,0
36.33,12837.72,2.97,0
49.07,8938.22,3.27,0
44.8,17961.23,1.55,0
36.6,7293.45,3.43,0
59.26,14886.14,2.91,0
47.54,12154.14,2.64,0
37.39,9222.17,3.93,0
58.52,10602.32,4.97,0
47.41,18441.75,3.46,0
55.98,17373.37,3.12,0
56.52,9690.3,2.59,0
52.74,10442.25,3.32,0
70.58,12855.18,4.95,0
59.83,12598.47,2.34,0
53.08,5209.26,3.13,0
46.41,15724.21,4.69,0
50.15,12438.15,4.82,0
61.69,16038.69,3.73,0
46.07,10341.7,3.67,0
62.8,8378.19,4.58,0
45.92,10514.6,2.84,0
37.96,12942.36,3.64,0
59.58,8374.92,3.46,0
53.83,4442.96,2.72,0
59.59,11085.26,2.61,0
36.14,16684.68,4.45,0
51.31,5852.66,4.75,0
62.64,14168.35,2.51,0
44.05,11292.1,4.47,0
30.99,6841.85,1.66,0
49.44,11724.5,3.21,0
39.54,14310.11,3.43,0
54.07,8042.82,2.84,0
53.79,11542.34,4.91,0
43.58,22721.37,4.32,0
47.5,4726.26,2.35,0
39.99,6323.61,2.14,0
67.15,16012.38,3.4,0
68.79,17937.78,2.35,0
34.94,8090.97,4.89,0
69.02,9661.13,5.49,0
50.63,9511.94,3.59,0
45.62,10979.31,3.27,0
73.09,6150.15,3.8,0
51.95,12497.44,2.53,0
41.32,11326.01,2.12,0
56.5,7001.31,3.27,0
61.74,16546.55,4.89,0
33.35,13841.81,3.74,0
47.03,15525.93,3.15,0
60.33,18241.59,3.2,0
43.47,10901.78,2.26,0
64.69,8133.37,3.31,0
40.74,9526.17,5.74,0
47.52,14868.64,6.21,0
61.03,10421.15,3.19,0
53.96,12440.95,4.49,0
48.96,13000.03,3.32,0
