feature_a,feature_b,feature_c,label
9.26,5.1,53.8,0
11.99,4.79,46.9,0
10.83,5.3,66.7,0
8.76,4.17,40.7,0
11.34,5.18,53.7,0
7.1,5.8,58.0,0
11.19,6.56,55.7,0
8.88,3.73,69.3,0
11.26,5.75,40.1,0
10.88,5.26,51.2,0
8.47,3.04,52.1,0
11.06,4.37,65.0,0
10.68,4.0,36.0,0
8.71,5.51,34.5,0
14.0,6.47,47.0,0
11.6,6.25,54.1,0
7.64,5.24,45.0,0
8.02,6.37,44.2,0
10.63,5.39,47.4,0
10.62,5.22,54.5,0
8.55,3.48,59.6,0
12.43,4.28,45.8,0
10.19,4.63,39.5,0
8.27,4.23,55.5,0
9.25,4.01,42.8,0
9.64,4.52,68.7,0
6.89,5.99,49.2,0
8.34,5.45,55.9,0
6.38,5.26,40.9,0
9.41,4.64,54.7,0
11.23,4.55,45.3,0
7.43,4.97,44.7,0
10.64,4.26,52.5,0
7.63,5.17,49.6,0
9.67,4.85,57.7,0
8.97,4.69,49.9,0
7.58,5.16,57.8,0
8.9,4.97,51.1,0
7.55,5.26,45.0,0
10.59,4.05,60.6,0
10.09,3.99,48.5,0
12.4,4.16,46.4,0
7.07,4.01,44.2,0
12.19,6.22,56.1,0
9.84,4.11,38.1,0
10.81,5.32,33.2,0
9.62,5.65,45.9,0
13.09,6.37,43.8,0
12.77,4.75,45.1,0
12.14,4.41,53.6,0
10.52,5.13,68.2,0
5.32,6.72,52.5,0
11.11,4.69,45.8,0
9.93,5.86,37.5,0
9.73,5.91,42.2,1
10.87,3.82,37.9,0
12.39,6.09,34.4,0
10.53,5.69,45.5,0
9.07,3.42,57.6,0
8.44,5.92,50.0,0
10.74,6.21,50.1,0
12.2,5.05,45.8,0
11.1,5.26,49.5,0
10.92,5.69,46.7,0
9.1,5.31,37.0,1
7.53,4.13,54.9,0
11.89,3.82,46.0,0
11.21,4.25,47.4,0
6.34,4.26,35.1,0
8.57,5.59,62.8,0
12.0,3.73,62.5,0
12.14,4.14,39.7,0
8.72,4.12,37.5,0
14.51,6.21,39.4,0
12.8,6.65,55.9,0
11.91,5.42,61.9,0
9.74,5.77,43.7,0
7.22,5.63,35.7,0
11.62,4.05,38.5,0
13.56,4.32,53.5,0
11.83,5.45,49.9,0
7.84,5.1,44.2,0
12.28,2.9,39.8,0
8.67,4.02,35.7,0
5.6,4.92,50.5,0
10.64,3.54,53.1,0
4.58,5.55,57.5,0
10.23,5.59,41.8,0
12.02,6.22,56.6,0
12.08,3.85,41.6,0
15.44,4.72,47.4,0
11.34,5.77,69.3,0
8.03,4.08,64.3,0
11.23,4.99,46.4,0
11.36,4.27,71.1,0
8.83,4.92,40.7,0
6.5,3.71,45.5,0
9.25,4.96,31.1,0
8.61,6.48,45.4,0
9.21,6.09,54.4,0
9.62,4.32,62.5,0
11.51,4.81,65.1,0
11.19,3.88,53.4,0
12.85,5.93,63.2,0
8.95,5.19,33.5,0
11.81,6.01,58.3,0
6.51,4.94,45.9,0
10.05,4.29,50.7,0
6.83,5.69,47.0,0
8.23,3.7,45.7,0
12.09,4.74,54.7,0
8.1,6.05,44.2,0
12.88,4.3,51.2,1
13.43,2.18,51.5,0
11.07,3.89,52.5,0
9.4,6.76,64.3,0
8.04,4.56,67.7,0
8.33,3.71,34.4,0
9.86,4.42,60.3,0
8.02,6.29,42.4,0
9.82,4.45,49.5,0
8.44,3.81,61.5,0
11.23,6.71,31.4,0
6.33,5.01,56.3,1
10.97,5.71,47.2,0
11.91,3.41,46.8,0
7.99,6.34,49.8,0
12.94,5.12,42.3,1
13.06,6.51,37.9,0
11.38,6.14,45.4,0
7.02,4.96,41.5,0
10.54,5.13,58.4,0
6.78,5.0,41.7,0
9.09,7.88,56.3,0
7.48,5.86,36.3,0
10.31,6.36,54.6,0
8.51,5.76,67.8,0
10.67,3.13,64.7,0
11.84,3.73,49.5,0
8.59,6.51,69.7,0
11.08,5.21,19.3,1
9.18,4.37,46.0,0
9.56,5.59,31.8,0
9.39,5.21,34.6,0
8.5,7.25,34.1,0
8.86,4.42,36.6,0
11.82,4.4,39.8,0
12.08,5.31,47.4,0
9.92,6.12,61.2,0
11.67,5.1,55.5,0
11.98,5.74,46.0,0
11.3,4.92,42.0,0
5.78,4.93,45.5,0
9.83,4.83,75.2,0
12.52,4.63,33.5,0
10.61,5.92,65.1,0
9.8,4.58,53.4,0
9.29,6.08,49.9,0
10.55,3.43,81.1,0
9.26,2.84,54.3,0
11.69,7.71,43.1,0
9.81,3.8,53.5,0
9.98,5.9,60.7,0
10.96,5.18,58.0,0
12.44,5.96,53.7,0
9.69,7.37,46.3,0
10.89,5.23,39.4,0
9.44,5.82,52.6,0
7.59,4.67,57.5,1
9.99,5.63,44.3,0
11.08,3.69,37.6,0
10.71,6.45,36.3,1
9.82,5.1,34.6,0
9.48,4.04,46.1,0
7.54,4.88,36.1,0
9.74,4.92,59.7,1
13.16,6.34,31.8,0
9.54,3.51,40.5,0
9.92,4.15,58.9,0
12.77,5.72,53.3,0
10.23,4.51,51.1,0
10.5,5.01,45.5,0
7.7,5.54,47.0,0
11.63,4.12,52.8,0
12.75,5.37,58.3,0
9.88,3.4,50.6,0
12.09,3.6,52.3,0
11.94,5.15,36.5,0
4.54,4.16,56.7,0
12.68,4.12,69.2,0
7.19,4.06,44.0,0
10.86,5.06,53.4,0
10.9,4.73,42.9,0
9.53,5.02,55.1,0
9.28,5.6,54.5,0
9.24,6.88,32.8,0
9.05,4.68,46.9,0
9.09,6.24,47.8,0
8.55,4.71,44.0,0
9.8,4.0,54.5,0
