date,demand_mw
2022-01-01,100.5
2022-01-02,101.4
2022-01-03,98.2
2022-01-04,91.4
2022-01-05,83.1
2022-01-06,89.4
2022-01-07,86.5
2022-01-08,91.0
2022-01-09,99.0
2022-01-10,101.1
2022-01-11,86.8
2022-01-12,97.7
2022-01-13,79.8
2022-01-14,100.5
2022-01-15,99.0
2022-01-16,98.5
2022-01-17,108.9
2022-01-18,99.1
2022-01-19,97.4
2022-01-20,91.4
2022-01-21,97.7
2022-01-22,102.4
2022-01-23,97.4
2022-01-24,100.2
2022-01-25,101.9
2022-01-26,94.2
2022-01-27,80.8
2022-01-28,103.7
2022-01-29,87.6
2022-01-30,93.0
2022-01-31,98.4
2022-02-01,104.6
2022-02-02,105.8
2022-02-03,92.6
2022-02-04,93.3
2022-02-05,101.0
2022-02-06,103.3
2022-02-07,107.0
2022-02-08,97.9
2022-02-09,100.9
2022-02-10,97.7
2022-02-11,85.0
2022-02-12,101.6
2022-02-13,108.0
2022-02-14,111.5
2022-02-15,101.6
2022-02-16,94.2
2022-02-17,93.2
2022-02-18,102.2
2022-02-19,100.2
2022-02-20,105.7
2022-02-21,116.7
2022-02-22,104.2
2022-02-23,98.8
2022-02-24,99.9
2022-02-25,102.9
2022-02-26,112.2
2022-02-27,107.6
2022-02-28,105.7
2022-03-01,110.1
2022-03-02,109.1
2022-03-03,95.6
2022-03-04,102.2
2022-03-05,111.2
2022-03-06,115.9
2022-03-07,116.8
2022-03-08,112.2
2022-03-09,104.7
2022-03-10,101.3
2022-03-11,113.3
2022-03-12,107.0
2022-03-13,123.8
2022-03-14,112.7
2022-03-15,131.0
2022-03-16,103.0
2022-03-17,116.9
2022-03-18,106.0
2022-03-19,115.0
2022-03-20,120.4
2022-03-21,119.1
2022-03-22,130.7
2022-03-23,115.3
2022-03-24,105.4
2022-03-25,116.8
2022-03-26,122.3
2022-03-27,118.1
2022-03-28,128.2
2022-03-29,123.0
2022-03-30,122.0
2022-03-31,118.7
2022-04-01,116.7
2022-04-02,119.8
2022-04-03,131.6
2022-04-04,130.2
2022-04-05,118.4
2022-04-06,118.4
2022-04-07,115.9
2022-04-08,118.6
2022-04-09,136.5
2022-04-10,128.3
2022-04-11,134.2
2022-04-12,137.3
2022-04-13,126.8
2022-04-14,123.6
2022-04-15,129.5
2022-04-16,129.2
2022-04-17,134.2
2022-04-18,138.3
2022-04-19,134.1
2022-04-20,123.9
2022-04-21,118.7
2022-04-22,125.5
2022-04-23,138.2
2022-04-24,135.2
2022-04-25,143.6
2022-04-26,137.1
2022-04-27,128.7
2022-04-28,114.3
2022-04-29,130.1
2022-04-30,132.7
2022-05-01,131.2
2022-05-02,143.3
2022-05-03,137.8
2022-05-04,135.0
2022-05-05,127.2
2022-05-06,132.8
2022-05-07,134.5
2022-05-08,147.2
2022-05-09,144.1
2022-05-10,133.5
2022-05-11,136.8
2022-05-12,133.2
2022-05-13,133.3
2022-05-14,132.6
2022-05-15,149.7
2022-05-16,142.2
2022-05-17,150.9
2022-05-18,134.8
2022-05-19,135.4
2022-05-20,136.4
2022-05-21,142.4
2022-05-22,159.9
2022-05-23,145.6
2022-05-24,155.5
2022-05-25,143.4
2022-05-26,133.8
2022-05-27,145.0
2022-05-28,147.9
2022-05-29,153.4
2022-05-30,143.4
2022-05-31,149.6
2022-06-01,140.1
2022-06-02,138.4
2022-06-03,139.9
2022-06-04,145.6
2022-06-05,158.3
2022-06-06,153.6
2022-06-07,139.5
2022-06-08,149.9
2022-06-09,141.1
2022-06-10,142.6
2022-06-11,137.7
2022-06-12,153.7
2022-06-13,150.5
2022-06-14,154.7
2022-06-15,147.2
2022-06-16,145.9
2022-06-17,141.2
2022-06-18,138.8
2022-06-19,157.6
2022-06-20,156.1
2022-06-21,149.2
2022-06-22,143.0
2022-06-23,138.2
2022-06-24,135.0
2022-06-25,142.7
2022-06-26,153.0
2022-06-27,162.7
2022-06-28,153.7
2022-06-29,154.3
2022-06-30,138.0
2022-07-01,150.6
2022-07-02,146.9
2022-07-03,161.0
2022-07-04,161.0
2022-07-05,151.8
2022-07-06,147.1
2022-07-07,149.3
2022-07-08,140.3
2022-07-09,138.2
2022-07-10,157.7
2022-07-11,165.7
2022-07-12,142.0
2022-07-13,147.3
2022-07-14,137.0
2022-07-15,142.6
2022-07-16,143.6
2022-07-17,157.6
2022-07-18,151.6
2022-07-19,150.0
2022-07-20,140.2
2022-07-21,146.0
2022-07-22,140.8
2022-07-23,146.0
2022-07-24,152.1
2022-07-25,146.2
2022-07-26,150.0
2022-07-27,136.7
2022-07-28,140.2
2022-07-29,141.2
2022-07-30,144.9
2022-07-31,150.4
2022-08-01,149.0
2022-08-02,151.5
2022-08-03,143.5
2022-08-04,137.7
2022-08-05,139.9
2022-08-06,142.1
2022-08-07,149.3
2022-08-08,149.3
2022-08-09,138.4
2022-08-10,150.2
2022-08-11,136.2
2022-08-12,136.0
2022-08-13,145.3
2022-08-14,137.8
2022-08-15,147.1
2022-08-16,147.1
2022-08-17,138.8
2022-08-18,136.9
2022-08-19,135.2
2022-08-20,140.0
2022-08-21,146.0
2022-08-22,147.8
2022-08-23,138.1
2022-08-24,139.4
2022-08-25,135.9
2022-08-26,132.2
2022-08-27,136.8
2022-08-28,144.6
2022-08-29,150.6
2022-08-30,146.7
2022-08-31,131.5
2022-09-01,129.4
2022-09-02,130.1
2022-09-03,139.1
2022-09-04,140.8
2022-09-05,144.0
2022-09-06,145.0
2022-09-07,134.2
2022-09-08,131.5
2022-09-09,132.0
2022-09-10,130.8
2022-09-11,138.1
2022-09-12,138.5
2022-09-13,133.4
2022-09-14,137.9
2022-09-15,129.5
2022-09-16,114.0
2022-09-17,127.7
2022-09-18,135.6
2022-09-19,136.8
2022-09-20,129.0
2022-09-21,125.9
2022-09-22,121.9
2022-09-23,122.3
2022-09-24,132.1
2022-09-25,133.0
2022-09-26,131.1
2022-09-27,128.8
2022-09-28,124.7
2022-09-29,115.6
2022-09-30,119.1
2022-10-01,129.1
2022-10-02,135.4
2022-10-03,119.4
2022-10-04,139.8
2022-10-05,118.8
2022-10-06,122.3
2022-10-07,112.3
2022-10-08,126.9
2022-10-09,127.9
2022-10-10,128.1
2022-10-11,123.3
2022-10-12,118.0
2022-10-13,119.3
2022-10-14,112.6
2022-10-15,119.4
2022-10-16,123.0
2022-10-17,117.5
2022-10-18,122.5
2022-10-19,116.3
2022-10-20,110.4
2022-10-21,106.8
2022-10-22,116.2
2022-10-23,121.4
2022-10-24,122.9
2022-10-25,119.6
2022-10-26,107.8
2022-10-27,115.3
2022-10-28,114.9
2022-10-29,119.2
2022-10-30,122.0
2022-10-31,127.0
2022-11-01,120.5
2022-11-02,116.9
2022-11-03,109.3
2022-11-04,109.2
2022-11-05,116.0
2022-11-06,113.7
2022-11-07,116.9
2022-11-08,115.5
2022-11-09,106.0
2022-11-10,93.2
2022-11-11,103.3
2022-11-12,106.9
2022-11-13,119.3
2022-11-14,106.3
2022-11-15,108.5
2022-11-16,114.8
2022-11-17,91.5
2022-11-18,102.8
2022-11-19,105.4
2022-11-20,104.4
2022-11-21,113.9
2022-11-22,106.0
2022-11-23,91.4
2022-11-24,98.4
2022-11-25,95.6
2022-11-26,112.2
2022-11-27,111.3
2022-11-28,106.7
2022-11-29,109.8
2022-11-30,112.9
2022-12-01,93.4
2022-12-02,95.8
2022-12-03,104.8
2022-12-04,110.1
2022-12-05,111.7
2022-12-06,99.9
2022-12-07,102.6
2022-12-08,92.8
2022-12-09,95.8
2022-12-10,108.7
2022-12-11,105.1
2022-12-12,112.8
2022-12-13,104.8
2022-12-14,101.9
2022-12-15,98.5
2022-12-16,102.0
2022-12-17,107.1
2022-12-18,104.3
2022-12-19,117.4
2022-12-20,108.8
2022-12-21,105.3
2022-12-22,102.2
2022-12-23,96.0
2022-12-24,102.7
2022-12-25,108.1
2022-12-26,110.3
2022-12-27,114.1
2022-12-28,109.6
2022-12-29,114.4
2022-12-30,107.5
2022-12-31,111.4
2023-01-01,107.4
2023-01-02,104.7
2023-01-03,105.8
2023-01-04,99.1
2023-01-05,92.3
2023-01-06,97.3
2023-01-07,105.5
2023-01-08,108.3
2023-01-09,113.8
2023-01-10,109.2
2023-01-11,103.2
2023-01-12,104.2
2023-01-13,98.6
2023-01-14,104.4
2023-01-15,116.1
2023-01-16,114.9
2023-01-17,99.5
2023-01-18,102.5
2023-01-19,106.5
2023-01-20,102.5
2023-01-21,111.2
2023-01-22,102.3
2023-01-23,113.5
2023-01-24,98.1
2023-01-25,106.7
2023-01-26,94.0
2023-01-27,108.6
2023-01-28,103.0
2023-01-29,112.0
2023-01-30,114.1
2023-01-31,109.6
2023-02-01,97.0
2023-02-02,105.4
2023-02-03,100.6
2023-02-04,120.3
2023-02-05,111.7
2023-02-06,115.6
2023-02-07,109.9
2023-02-08,115.2
2023-02-09,111.1
2023-02-10,108.2
2023-02-11,115.3
2023-02-12,110.7
2023-02-13,111.8
2023-02-14,120.1
2023-02-15,104.4
2023-02-16,104.3
2023-02-17,99.5
2023-02-18,110.3
2023-02-19,119.4
2023-02-20,118.4
2023-02-21,108.3
2023-02-22,115.0
2023-02-23,109.0
2023-02-24,96.9
2023-02-25,109.2
2023-02-26,118.0
2023-02-27,118.6
2023-02-28,119.2
2023-03-01,119.0
2023-03-02,110.3
2023-03-03,111.8
2023-03-04,124.1
2023-03-05,130.5
2023-03-06,122.4
2023-03-07,129.3
2023-03-08,107.6
2023-03-09,121.4
2023-03-10,117.5
2023-03-11,116.0
2023-03-12,122.8
2023-03-13,127.6
2023-03-14,130.8
2023-03-15,123.7
2023-03-16,118.0
2023-03-17,116.2
2023-03-18,123.7
2023-03-19,122.3
2023-03-20,127.9
2023-03-21,122.8
2023-03-22,120.5
2023-03-23,121.7
2023-03-24,119.5
2023-03-25,117.4
2023-03-26,136.8
2023-03-27,132.9
2023-03-28,132.3
2023-03-29,121.8
2023-03-30,121.3
2023-03-31,122.7
2023-04-01,136.4
2023-04-02,128.3
2023-04-03,140.5
2023-04-04,132.8
2023-04-05,132.0
2023-04-06,122.6
2023-04-07,119.0
2023-04-08,137.0
2023-04-09,135.7
2023-04-10,141.5
2023-04-11,139.9
2023-04-12,122.9
2023-04-13,126.3
2023-04-14,129.4
2023-04-15,138.4
2023-04-16,143.7
2023-04-17,146.2
2023-04-18,138.4
2023-04-19,141.5
2023-04-20,132.1
2023-04-21,133.2
2023-04-22,136.2
2023-04-23,138.2
2023-04-24,145.3
2023-04-25,143.9
2023-04-26,139.2
2023-04-27,145.8
2023-04-28,138.1
2023-04-29,143.5
2023-04-30,140.2
2023-05-01,147.0
2023-05-02,145.6
2023-05-03,143.0
2023-05-04,136.8
2023-05-05,141.0
2023-05-06,139.4
2023-05-07,155.1
2023-05-08,156.1
2023-05-09,142.4
2023-05-10,135.7
2023-05-11,137.0
2023-05-12,142.7
2023-05-13,142.5
2023-05-14,152.7
2023-05-15,157.2
2023-05-16,155.4
2023-05-17,151.2
2023-05-18,135.4
2023-05-19,134.2
2023-05-20,151.7
2023-05-21,150.3
2023-05-22,151.8
2023-05-23,147.3
2023-05-24,144.5
2023-05-25,147.5
2023-05-26,138.9
2023-05-27,144.3
2023-05-28,161.1
2023-05-29,160.6
2023-05-30,146.0
2023-05-31,140.2
2023-06-01,148.2
2023-06-02,152.0
2023-06-03,162.9
2023-06-04,160.8
2023-06-05,162.1
2023-06-06,154.6
2023-06-07,151.1
2023-06-08,145.7
2023-06-09,155.0
2023-06-10,155.9
2023-06-11,164.2
2023-06-12,161.7
2023-06-13,152.4
2023-06-14,151.9
2023-06-15,154.3
2023-06-16,152.1
2023-06-17,146.5
2023-06-18,165.2
2023-06-19,159.0
2023-06-20,164.9
2023-06-21,151.4
2023-06-22,145.6
2023-06-23,155.2
2023-06-24,150.1
2023-06-25,166.6
2023-06-26,159.5
2023-06-27,161.8
2023-06-28,146.5
2023-06-29,150.6
2023-06-30,149.0
2023-07-01,164.4
2023-07-02,157.3
2023-07-03,161.5
2023-07-04,155.0
2023-07-05,153.9
2023-07-06,151.4
2023-07-07,157.6
2023-07-08,160.1
2023-07-09,153.7
2023-07-10,171.7
2023-07-11,159.8
2023-07-12,159.6
2023-07-13,149.0
2023-07-14,155.6
2023-07-15,155.9
2023-07-16,159.5
2023-07-17,161.5
2023-07-18,154.5
2023-07-19,155.8
2023-07-20,152.1
2023-07-21,154.6
2023-07-22,162.0
2023-07-23,165.5
2023-07-24,163.6
2023-07-25,163.3
2023-07-26,153.7
2023-07-27,154.2
2023-07-28,150.0
2023-07-29,146.1
2023-07-30,156.0
2023-07-31,155.8
2023-08-01,154.8
2023-08-02,151.0
2023-08-03,148.8
2023-08-04,151.9
2023-08-05,148.5
2023-08-06,156.0
2023-08-07,162.5
2023-08-08,158.7
2023-08-09,156.4
2023-08-10,145.5
2023-08-11,158.8
2023-08-12,148.8
2023-08-13,149.0
2023-08-14,155.7
2023-08-15,147.2
2023-08-16,151.5
2023-08-17,144.3
2023-08-18,138.2
2023-08-19,150.9
2023-08-20,159.3
2023-08-21,152.3
2023-08-22,149.7
2023-08-23,142.4
2023-08-24,139.7
2023-08-25,136.6
2023-08-26,146.5
2023-08-27,146.9
2023-08-28,153.6
2023-08-29,154.9
2023-08-30,147.5
2023-08-31,141.5
2023-09-01,146.4
2023-09-02,148.4
2023-09-03,146.7
2023-09-04,152.4
2023-09-05,150.0
2023-09-06,140.0
2023-09-07,140.6
2023-09-08,134.3
2023-09-09,144.7
2023-09-10,150.0
2023-09-11,148.7
2023-09-12,142.8
2023-09-13,140.0
2023-09-14,130.9
2023-09-15,133.0
2023-09-16,142.8
2023-09-17,149.4
2023-09-18,149.4
2023-09-19,141.4
2023-09-20,138.3
2023-09-21,129.3
2023-09-22,134.3
2023-09-23,134.4
2023-09-24,135.8
2023-09-25,144.1
2023-09-26,137.2
2023-09-27,132.3
2023-09-28,125.5
2023-09-29,137.9
2023-09-30,136.9
2023-10-01,134.9
2023-10-02,142.8
2023-10-03,136.3
2023-10-04,126.7
2023-10-05,122.9
2023-10-06,132.2
2023-10-07,130.2
2023-10-08,138.1
2023-10-09,133.8
2023-10-10,135.6
2023-10-11,129.8
2023-10-12,126.3
2023-10-13,126.7
2023-10-14,134.0
2023-10-15,137.1
2023-10-16,131.3
2023-10-17,138.7
2023-10-18,122.6
2023-10-19,118.3
2023-10-20,122.1
2023-10-21,130.4
2023-10-22,133.0
2023-10-23,126.1
2023-10-24,125.5
2023-10-25,126.9
2023-10-26,119.8
2023-10-27,120.5
2023-10-28,116.0
2023-10-29,128.1
2023-10-30,130.1
2023-10-31,120.0
2023-11-01,110.5
2023-11-02,117.1
2023-11-03,120.8
2023-11-04,114.7
2023-11-05,123.9
2023-11-06,133.0
2023-11-07,130.7
2023-11-08,117.8
2023-11-09,102.6
2023-11-10,115.4
2023-11-11,123.5
2023-11-12,135.9
2023-11-13,129.3
2023-11-14,124.5
2023-11-15,113.9
2023-11-16,104.5
2023-11-17,108.7
2023-11-18,112.7
2023-11-19,118.5
2023-11-20,126.0
2023-11-21,119.3
2023-11-22,103.4
2023-11-23,108.2
2023-11-24,116.6
2023-11-25,119.3
2023-11-26,127.1
2023-11-27,115.2
2023-11-28,119.0
2023-11-29,110.0
2023-11-30,102.9
2023-12-01,105.7
2023-12-02,104.8
2023-12-03,109.9
2023-12-04,119.9
2023-12-05,114.7
2023-12-06,108.1
2023-12-07,113.1
2023-12-08,106.1
2023-12-09,115.3
2023-12-10,111.6
2023-12-11,112.1
2023-12-12,112.4
2023-12-13,106.5
2023-12-14,104.4
2023-12-15,107.2
2023-12-16,119.9
2023-12-17,111.7
2023-12-18,111.0
2023-12-19,116.4
2023-12-20,114.8
2023-12-21,114.0
2023-12-22,101.2
2023-12-23,113.7
2023-12-24,106.8
2023-12-25,116.6
2023-12-26,108.3
2023-12-27,105.7
2023-12-28,97.8
2023-12-29,112.5
2023-12-30,115.7
2023-12-31,118.0
